id;first_name;middle_name;last_name;full_name;gender;age;dob;nationality;citizen_ship;primary_telephone_no;seconday_telephone_no;occupation;occupation_name;alternate_number;language;locale;family_head_name;family_head_relationship;family_adult_count;guardian_name;status
1;Ayana;Jewelery Cotton;Barrows;Home Loan Account National;Ghana Lead;Cotton Gibraltar Pound;2020-09-01T07:27:37;Incredible navigate;Ergonomic Concrete Towels;interactive Platinum bypass;Plastic Security invoice;Personal Loan Account Wyoming Shoes;deposit panel;Incredible Metal Sausages Designer Dale;Florida Tactics;override monetize;Mobility Savings Account;SMTP Paradigm United States of America;9187;Avon Home Loan Account intermediate;eyeballs
2;Shad;Generic Soft Computer;Gleichner;Home Loan Account Equatorial Guinea Secured;web-enabled Applications matrix;auxiliary withdrawal payment;2020-09-01T00:14:37;matrix;bypass Frozen;Associate;Credit Card Account;Tasty;compress Gorgeous;synergies channels Tanzanian Shilling;Distributed hacking Avon;backing up;Manager;Soft;8764;programming Customizable;compressing
3;Haylie;blue Games;Ullrich;experiences;Towels Ergonomic Frozen Keyboard;customized;2020-08-31T17:08:16;hacking;Ergonomic Frozen Towels;Bedfordshire ADP Practical Fresh Shirt;Personal Loan Account bricks-and-clicks;Lao People's Democratic Republic port Associate;Borders connecting Wooden;grey;networks Wisconsin;Lakes Cotton transition;synergies Buckinghamshire orange;International Cayman Islands Dollar Ergonomic;18176;application;Bedfordshire deliverables
4;Etha;Cross-group;Hilll;Assurance Computers Organized;Mississippi Coordinator;auxiliary Intuitive program;2020-08-31T18:23:09;frictionless Rupiah Technician;Jamaica Avon;Fresh;Portugal;Avon navigating system;Clothing;copying;FTP Response Associate;reboot demand-driven Practical;program;Small Concrete Salad;73398;complexity;AI Consultant
5;Kellie;redundant Yemen North Dakota;Paucek;Granite Investment Account Ergonomic Concrete Keyboard;unleash Singapore Dollar;neural;2020-08-31T18:51:14;user-centric Plastic leading-edge;back up;Toys;Liechtenstein neural;Plains Auto Loan Account;Soap;Developer Configuration strategy;Unbranded Rubber Chips Games;Towels;ability optimizing;Administrator Principal Intelligent Wooden Chair;51858;XML Stand-alone;Generic Steel Sausages
6;Jalyn;Group Pike;Schoen;Optimization;Soap calculate;Designer;2020-08-31T22:22:46;distributed violet Industrial;Robust;Benin overriding;Gourde US Dollar cross-platform;pink Integration Estonia;solution-oriented;installation;secondary Incredible Brand;partnerships maroon;methodologies copying;Kyrgyz Republic;82037;back up circuit Developer;function revolutionary
7;Jasmin;protocol cross-platform synergistic;Schultz;mobile;Movies;Plastic mindshare Paradigm;2020-08-31T11:22:39;Bedfordshire;Synergized;digital Technician enable;Saint Pierre and Miquelon;Unbranded Soft Car;aggregate Integration;Investment Account Unbranded Concrete Soap;Paradigm unleash;Rustic Plastic Keyboard exploit initiative;monetize invoice Alaska;didactic card;38759;Cotton Web Kids;monitor
8;Hailee;invoice Customer;Gleason;compressing digital;transition;Sleek Cotton Soap Connecticut;2020-08-31T11:14:25;incubate global;extensible;Nevada Up-sized Sweden;parsing e-tailers innovative;pink Chips;quantify;Specialist;Sleek Metal Gloves user-centric Strategist;convergence;HTTP;Borders encompassing GB;82067;indexing;Generic Steel Car proactive
9;Freida;optimize;Donnelly;composite New York;exuding Principal Gorgeous Metal Bike;Berkshire ivory;2020-09-01T09:04:50;Licensed Mauritius Rupee Denmark;Avon superstructure;Planner;lavender;24/7;deposit eco-centric bluetooth;Wyoming;viral Grocery generate;killer interactive portals;red Loaf;Pula Zambian Kwacha;69967;hacking neural;Cloned solid state Dynamic
10;Isom;Beauty;Hartmann;Strategist Auto Loan Account;Officer;generating;2020-09-01T06:26:12;quantifying turquoise;Handcrafted Soft Sausages;Idaho Trafficway;platforms invoice violet;Trail Djibouti Franc granular;Accountability real-time;open architecture product;Steel invoice embrace;collaborative;Fish panel;Health;19411;Steel AI Handcrafted Plastic Mouse;Decentralized invoice
